[
    {
      "id": 1,
      "rules": [
        {
          "match": "ip = 192.168.2.9",
          "opt": "reject"
        },
        {
          "match": "host AC baid com www http https",
          "opt": "reject"
        }
      ]
    },
    {
      "id": 2,
      "rules": [
        {
          "match": "ip = 192.168.2.9",
          "opt": "reject"
        },
        {
          "match": "host AC baid com www http https",
          "opt": "reject"
        }
      ]
    }
  ]