[{
    "domain":"baidu.com", //域名
    "acl_id": 1,//ACL主键
    "acl_status": "on",//ACL可用状态 on 可用  off 禁用
    "cc_switch": "on", //CC提升安全规则开启  on 可用  off 禁用
    "cc": [{
            "level": 0,
            "id": 1,
            "status": "on"
        },
        {
            "level": 2000,
            "id": 2,
            "status": "on"
        }
    ]
},
{
    "domain":"google.com",
    "acl_id": 1,
    "acl_status": "on",
    "cc_switch": "on",
    "cc": [{
            "level": 0,
            "id": 1,
            "status": "off"
        },
        {
            "level": 2000,
            "id": 1,
            "status": "off"
        }
    ]
}
]

